name,avg_tps,avg_ttft_s,peak_process_rss_mb,avg_power_w,peak_gpu_temp_c,tps_rel_to_baseline
qwen2_5_1_5b_q4,33.752,0.193,2155.54,4.875,55.84,1.0
llama3_2_1b_q4,16.419,0.561,1592.27,4.924,52.16,0.4864600616259777
deepseek_r1_1_5b_q4,13.77,0.423,2037.38,4.927,53.09,0.4079758236548945
llama3_2_3b_q4,8.592,0.779,3481.1,4.921,53.0,0.25456269258118036
qwen2_5_3b_q4,8.562,1.06,2814.09,4.914,53.88,0.25367385636406725
llama3_8b_q4,4.9,1.959,5539.09,4.906,54.16,0.14517658212846646
phi3_mini_q4,0.0,1.839,3388.31,4.928,52.91,0.0
